<?xml version="1.0" encoding="UTF-8"?>
<project-private xmlns="http://www.netbeans.org/ns/project-private/1">
    <editor-bookmarks xmlns="http://www.netbeans.org/ns/editor-bookmarks/2" lastBookmarkId="0"/>
    <open-files xmlns="http://www.netbeans.org/ns/projectui-open-files/2">
        <group>
            <file>file:/C:/Users/ABHISHEK/Documents/NetBeansProjects/Enigma/src/enigma/Key.java</file>
            <file>file:/C:/Users/ABHISHEK/Documents/NetBeansProjects/Enigma/src/enigma/Select.java</file>
            <file>file:/C:/Users/ABHISHEK/Documents/NetBeansProjects/Enigma/src/enigma/TripleDES.java</file>
            <file>file:/C:/Users/ABHISHEK/Documents/NetBeansProjects/Enigma/src/enigma/Directory.java</file>
            <file>file:/C:/Users/ABHISHEK/Documents/NetBeansProjects/Enigma/src/enigma/AES.java</file>
            <file>file:/C:/Users/ABHISHEK/Documents/NetBeansProjects/Enigma/src/enigma/SelectEncryptCipher.java</file>
            <file>file:/C:/Users/ABHISHEK/Documents/NetBeansProjects/Enigma/src/enigma/thank.java</file>
            <file>file:/C:/Users/ABHISHEK/Documents/NetBeansProjects/Enigma/src/enigma/FileHandler.java</file>
            <file>file:/C:/Users/ABHISHEK/Documents/NetBeansProjects/Enigma/src/enigma/FileSelector.java</file>
            <file>file:/C:/Users/ABHISHEK/Documents/NetBeansProjects/Enigma/src/enigma/Welcome.java</file>
        </group>
    </open-files>
</project-private>
